<toolSet name="External Tools">
  <tool name="Copy elasticsearch.yml" showInMainMenu="false" showInEditor="false" showInProject="false" showInSearchPopup="false" disabled="false" useConsole="true" showConsoleOnStdOut="false" showConsoleOnStdErr="false" synchronizeAfterRun="true">
    <exec>
      <option name="COMMAND" value="wsl" />
      <option name="PARAMETERS" value="-e ./dev-helpers/copy_elasticsearch_yml.sh" />
      <option name="WORKING_DIRECTORY" value="//wsl$/Ubuntu/home/santojes" />
    </exec>
  </tool>
  <tool name="git reset elasticsearch.yml" showInMainMenu="false" showInEditor="false" showInProject="false" showInSearchPopup="false" disabled="false" useConsole="true" showConsoleOnStdOut="false" showConsoleOnStdErr="false" synchronizeAfterRun="true">
    <exec>
      <option name="COMMAND" value="git.exe" />
      <option name="PARAMETERS" value="checkout HEAD -- .\server-app\src\main\resources\elasticsearch.yml" />
      <option name="WORKING_DIRECTORY" value="C:/Users/santojes/bitbucket/volkstop-server" />
    </exec>
  </tool>
</toolSet>