<keymap version="1" name="Windows copy" parent="$default">
  <action id="ActivateBigDataToolWindowToolWindow">
    <keyboard-shortcut first-keystroke="shift ctrl alt b" />
  </action>
  <action id="ActivateBookmarksToolWindow" />
  <action id="ActivateCommitToolWindow">
    <keyboard-shortcut first-keystroke="alt 3" />
  </action>
  <action id="ActivateFindToolWindow">
    <keyboard-shortcut first-keystroke="alt 9" />
  </action>
  <action id="ActivateProjectToolWindow" />
  <action id="ActivateTerminalToolWindow">
    <keyboard-shortcut first-keystroke="alt t" />
  </action>
  <action id="ActivateVersionControlToolWindow">
    <keyboard-shortcut first-keystroke="alt 2" />
  </action>
  <action id="BigDataTools.CopyFilePathAction" />
  <action id="CheckinProject">
    <keyboard-shortcut first-keystroke="ctrl k" />
    <keyboard-shortcut first-keystroke="shift ctrl c" />
  </action>
  <action id="ChooseDebugConfiguration" />
  <action id="CommentByLineComment">
    <keyboard-shortcut first-keystroke="ctrl slash" />
    <keyboard-shortcut first-keystroke="ctrl divide" />
    <keyboard-shortcut first-keystroke="ctrl dead_circumflex" />
  </action>
  <action id="Console.TableResult.CopyAggregatorResult" />
  <action id="CopyAbsolutePath" />
  <action id="CopyPaths" />
  <action id="DatabaseView.CopyDdlAction">
    <keyboard-shortcut first-keystroke="shift ctrl alt g" />
  </action>
  <action id="DatabaseView.DeactivateAction">
    <keyboard-shortcut first-keystroke="ctrl f2" />
  </action>
  <action id="Debug">
    <keyboard-shortcut first-keystroke="alt 1" />
  </action>
  <action id="Debugger.Tree.EvaluateInConsole">
    <mouse-shortcut keystroke="button2" />
  </action>
  <action id="Docker.RemoteServers.StopComposeService">
    <keyboard-shortcut first-keystroke="ctrl f2" />
  </action>
  <action id="Docker.RemoteServers.StopContainer">
    <keyboard-shortcut first-keystroke="ctrl f2" />
  </action>
  <action id="EditorContextInfo" />
  <action id="EditorCreateRectangularSelectionOnMouseDrag">
    <mouse-shortcut keystroke="alt button1" />
  </action>
  <action id="EditorPasteFromX11" />
  <action id="EditorScrollToCenter" />
  <action id="EvaluateExpression">
    <keyboard-shortcut first-keystroke="alt f8" />
    <keyboard-shortcut first-keystroke="alt e" />
  </action>
  <action id="ExpressionTypeInfo" />
  <action id="Git.Branches">
    <keyboard-shortcut first-keystroke="shift ctrl back_quote" />
    <keyboard-shortcut first-keystroke="shift ctrl dead_acute" />
  </action>
  <action id="GotoDeclaration">
    <keyboard-shortcut first-keystroke="ctrl b" />
    <mouse-shortcut keystroke="control button1" />
  </action>
  <action id="Graph.AlignNodes.Middle" />
  <action id="IntentionActionAsAction_org.jetbrains.kotlin.idea.intentions.AddNamesToCallArgumentsIntention">
    <keyboard-shortcut first-keystroke="alt n" />
  </action>
  <action id="Macro.Format-Import-Save-Recompile">
    <keyboard-shortcut first-keystroke="ctrl s" />
  </action>
  <action id="MavenHelper.QuickRunMavenGoal">
    <keyboard-shortcut first-keystroke="ctrl m" />
  </action>
  <action id="MavenHelper.QuickRunRootMavenGoal" />
  <action id="RemoteHostView.CopyPaths" />
  <action id="RunDashboard.Stop">
    <keyboard-shortcut first-keystroke="ctrl f2" />
    <keyboard-shortcut first-keystroke="alt w" />
  </action>
  <action id="SaveAll" />
  <action id="StepOut">
    <keyboard-shortcut first-keystroke="shift f8" />
    <mouse-shortcut keystroke="button4" />
  </action>
  <action id="StepOver">
    <keyboard-shortcut first-keystroke="f8" />
    <mouse-shortcut keystroke="button5" />
  </action>
  <action id="Stop">
    <keyboard-shortcut first-keystroke="alt q" />
  </action>
  <action id="ToggleRenderedDocPresentation" />
  <action id="Vcs.Push">
    <keyboard-shortcut first-keystroke="shift ctrl p" />
  </action>
  <action id="Vcs.QuickListPopupAction">
    <keyboard-shortcut first-keystroke="alt dead_acute" />
  </action>
  <action id="Vcs.ShowMessageHistory" />
  <action id="WelcomeScreen.CopyProjectPath" />
  <action id="org.intellij.plugins.markdown.ui.actions.styling.ToggleCodeSpanAction" />
</keymap>