<application>
  <component name="GraziConfig">
    <option name="enabledLanguages">
      <set>
        <option value="English (US)" />
        <option value="Catalan" />
      </set>
    </option>
    <option name="suppressingContext">
      <SuppressingContext>
        <option name="suppressed">
          <set>
            <option value="DMCU DMCU" />
            <option value="DP DP" />
            <option value="ICA ICA" />
            <option value="end end" />
            <option value="}" />
          </set>
        </option>
      </SuppressingContext>
    </option>
    <option name="detectionContext">
      <State>
        <option name="disabled">
          <set>
            <option value="GERMAN" />
          </set>
        </option>
      </State>
    </option>
  </component>
</application>