<application>
  <component name="SettingsSyncSettings">
    <option name="disabledSubcategories">
      <map>
        <entry key="PLUGINS">
          <value>
            <list>
              <option value="Dart" />
              <option value="com.firsttimeinforever.intellij.pdf.viewer.intellij-pdf-viewer" />
              <option value="uk.co.reecedunn.intellij.plugin.xquery" />
            </list>
          </value>
        </entry>
      </map>
    </option>
    <option name="syncEnabled" value="true" />
  </component>
</application>