<application>
  <component name="SonarLintGlobalSettings">
    <option name="rulesByKey">
      <map>
        <entry key="javascript:S4138">
          <value>
            <Rule active="false" key="javascript:S4138" />
          </value>
        </entry>
        <entry key="kotlin:S6517">
          <value>
            <Rule active="false" key="kotlin:S6517" />
          </value>
        </entry>
      </map>
    </option>
    <option name="secretsNeverBeenAnalysed" value="false" />
    <rules>
      <Rule active="false" key="kotlin:S6517" />
      <Rule active="false" key="javascript:S4138" />
    </rules>
  </component>
</application>