<application>
  <component name="CachedDictionaryState">
    <words>
      <w>apim</w>
      <w>authtoken</w>
      <w>babybbsg</w>
      <w>bauteil</w>
      <w>bbsg</w>
      <w>brandconfig</w>
      <w>contruct</w>
      <w>decompound</w>
      <w>deliverypilot</w>
      <w>dmcu</w>
      <w>docufy</w>
      <w>dyimp</w>
      <w>mibtokenless</w>
      <w>packetstore</w>
      <w>partnumber</w>
      <w>partnumbers</w>
      <w>predelivery</w>
      <w>prnumbers</w>
      <w>projectlombok</w>
      <w>romanized</w>
      <w>skoda</w>
      <w>skodawebsa</w>
      <w>teilvon</w>
      <w>teilvonid</w>
      <w>teivon</w>
      <w>tenantconfiguration</w>
      <w>thirdpartylicenses</w>
      <w>tockenless</w>
      <w>tokenless</w>
      <w>topicpilot</w>
      <w>vdbs</w>
      <w>volkstop</w>
      <w>vwnar</w>
      <w>vwnnar</w>
      <w>vwservices</w>
      <w>zzzcd</w>
    </words>
  </component>
</application>