<application>
  <component name="Trusted.Paths">
    <option name="TRUSTED_PROJECT_PATHS">
      <map>
        <entry key="C:\Users\santojes\AppData\Local\JetBrains\IntelliJIdea2024.2\frontend\per_process_config_0\thinProject" value="true" />
        <entry key="C:\Users\santojes\Desktop\volkstop-server" value="true" />
        <entry key="C:\Users\santojes\Dokumente\Hello_world" value="true" />
        <entry key="C:\Users\santojes\Dokumente\Weiterbildung" value="true" />
        <entry key="C:\Users\santojes\Dokumente\Weiterbildung\kotlinDemo" value="true" />
        <entry key="C:\Users\santojes\Dokumente\delivery-pilot" value="true" />
        <entry key="C:\Users\santojes\Dokumente\topicpilot-configurations" value="true" />
        <entry key="C:\Users\santojes\Dokumente\topicpilot-docker-stack" value="true" />
        <entry key="C:\Users\santojes\Dokumente\topicpilot-sync-client" value="true" />
        <entry key="C:\Users\santojes\Dokumente\volkstop-standalone-importer" value="true" />
        <entry key="C:\Users\santojes\bitbucket\Course Kotlin Englisch" value="true" />
        <entry key="C:\Users\santojes\bitbucket\DBdemo" value="true" />
        <entry key="C:\Users\santojes\bitbucket\DeliveryPilot" value="true" />
        <entry key="C:\Users\santojes\bitbucket\E-Commerce" value="true" />
        <entry key="C:\Users\santojes\bitbucket\E-Commerce\backend\microservices\config-server" value="true" />
        <entry key="C:\Users\santojes\bitbucket\E-Commerce\backend\microservices\customer" value="true" />
        <entry key="C:\Users\santojes\bitbucket\E-Commerce\backend\microservices\eureka-server" value="true" />
        <entry key="C:\Users\santojes\bitbucket\E-Commerce\backend\microservices\product" value="true" />
        <entry key="C:\Users\santojes\bitbucket\PackagePilot" value="true" />
        <entry key="C:\Users\santojes\bitbucket\bbsg-config-backend" value="true" />
        <entry key="C:\Users\santojes\bitbucket\copy-on-diff" value="true" />
        <entry key="C:\Users\santojes\bitbucket\delivery-pilot" value="true" />
        <entry key="C:\Users\santojes\bitbucket\digital-manual-beauty-challenge" value="true" />
        <entry key="C:\Users\santojes\bitbucket\digital-manual-beauty-challenge\dmbc-backend" value="true" />
        <entry key="C:\Users\santojes\bitbucket\digital-manual-beauty-challenge\dmbc-backend-import-app\untitled" value="true" />
        <entry key="C:\Users\santojes\bitbucket\package-pilot" value="true" />
        <entry key="C:\Users\santojes\bitbucket\sync-commons" value="true" />
        <entry key="C:\Users\santojes\bitbucket\topicpilot-configurations" value="true" />
        <entry key="C:\Users\santojes\bitbucket\topicpilot-microservices" value="true" />
        <entry key="C:\Users\santojes\bitbucket\topicpilot-sync-client" value="true" />
        <entry key="C:\Users\santojes\bitbucket\volkstop-configuration" value="true" />
        <entry key="C:\Users\santojes\bitbucket\volkstop-microservice-commons" value="true" />
        <entry key="C:\Users\santojes\bitbucket\volkstop-microservice-deliverypilot" value="true" />
        <entry key="C:\Users\santojes\bitbucket\volkstop-scripts" value="true" />
        <entry key="C:\Users\santojes\bitbucket\volkstop-server" value="true" />
        <entry key="C:\Users\santojes\bitbucket\volkstop-standalone-importer" value="true" />
        <entry key="\\wsl$\Ubuntu\home\santojes\dev-cod\copy-on-diff" value="true" />
        <entry key="\\wsl$\Ubuntu\home\santojes\dev\bitbucket\volkstop-configuration" value="true" />
        <entry key="\\wsl$\Ubuntu\home\santojes\dev\topic-exclave" value="true" />
        <entry key="\\wsl$\Ubuntu\home\santojes\dev\topicEXclave" value="true" />
        <entry key="\\wsl$\Ubuntu\home\santojes\dev\volkstop-dev-env" value="true" />
      </map>
    </option>
  </component>
  <component name="Trusted.Paths.Settings">
    <option name="TRUSTED_PATHS">
      <list>
        <option value="C:\Users\santojes\bitbucket" />
        <option value="\\wsl$\Ubuntu\home\santojes\dev\bitbucket" />
        <option value="\\wsl$\Ubuntu\home\santojes\dev-cod" />
        <option value="\\wsl$\Ubuntu\home\santojes\dev" />
        <option value="C:\Users\santojes\Dokumente" />
      </list>
    </option>
  </component>
</application>