<application>
  <component name="DimensionService">
    <location key="find.popup.0.0.1920.1080" x="113" y="229" />
    <location key="find.popup.2400.0.2560.1440@120dpi" x="2578" y="88" />
    <location key="find.popup.-768.0.768.1366" x="-768" y="195" />
    <location key="find.popup.1920.0.768.1366" x="2124" y="221" />
    <location key="REMOTE_DEVELOPMENT_CONNECTION.0.0.1920.1080" x="552" y="177" />
    <location key="find.popup.1920.-209.768.1024" x="2084" y="-74" />
    <size key="GridCell.Tab.0.left.0.0.1920.1080@120dpi" width="1865" height="142" />
    <size key="GridCell.Tab.0.center.0.0.1920.1080@120dpi" width="1865" height="142" />
    <size key="GridCell.Tab.0.right.0.0.1920.1080@120dpi" width="1865" height="142" />
    <size key="GridCell.Tab.0.bottom.0.0.1920.1080@120dpi" width="1865" height="142" />
    <size key="GridCell.Tab.0.left.0.0.1920.1080" width="1838" height="370" />
    <size key="GridCell.Tab.0.center.0.0.1920.1080" width="1838" height="370" />
    <size key="GridCell.Tab.0.right.0.0.1920.1080" width="1838" height="370" />
    <size key="GridCell.Tab.0.bottom.0.0.1920.1080" width="1838" height="370" />
    <size key="GridCell.Tab.1.left.0.0.1920.1080" width="1838" height="436" />
    <size key="GridCell.Tab.1.center.0.0.1920.1080" width="1838" height="436" />
    <size key="GridCell.Tab.1.right.0.0.1920.1080" width="1838" height="436" />
    <size key="GridCell.Tab.1.bottom.0.0.1920.1080" width="1838" height="436" />
    <size key="GridCell.Tab.0.left.2400.-304.2560.1440@120dpi" width="2507" height="420" />
    <size key="GridCell.Tab.0.center.2400.-304.2560.1440@120dpi" width="2507" height="420" />
    <size key="GridCell.Tab.0.right.2400.-304.2560.1440@120dpi" width="2507" height="420" />
    <size key="GridCell.Tab.0.bottom.2400.-304.2560.1440@120dpi" width="2507" height="420" />
    <size key="GridCell.Tab.1.left.2400.-304.2560.1440@120dpi" width="2507" height="318" />
    <size key="GridCell.Tab.1.center.2400.-304.2560.1440@120dpi" width="2507" height="318" />
    <size key="GridCell.Tab.1.right.2400.-304.2560.1440@120dpi" width="2507" height="318" />
    <size key="GridCell.Tab.1.bottom.2400.-304.2560.1440@120dpi" width="2507" height="318" />
    <size key="find.popup.0.0.1920.1080" width="1807" height="803" />
    <size key="GridCell.Tab.0.left.1920.0.768.1366" width="1838" height="476" />
    <size key="GridCell.Tab.0.center.1920.0.768.1366" width="1838" height="476" />
    <size key="GridCell.Tab.0.right.1920.0.768.1366" width="1838" height="476" />
    <size key="GridCell.Tab.0.bottom.1920.0.768.1366" width="1838" height="476" />
    <size key="GridCell.Tab.1.left.1920.0.768.1366" width="686" height="543" />
    <size key="GridCell.Tab.1.center.1920.0.768.1366" width="686" height="543" />
    <size key="GridCell.Tab.1.right.1920.0.768.1366" width="686" height="543" />
    <size key="GridCell.Tab.1.bottom.1920.0.768.1366" width="686" height="543" />
    <size key="GridCell.Tab.0.left.1920.-209.768.1024" width="725" height="263" />
    <size key="GridCell.Tab.0.center.1920.-209.768.1024" width="725" height="263" />
    <size key="GridCell.Tab.0.right.1920.-209.768.1024" width="725" height="263" />
    <size key="GridCell.Tab.0.bottom.1920.-209.768.1024" width="725" height="263" />
    <size key="GridCell.Tab.1.left.1920.-209.768.1024" width="725" height="263" />
    <size key="GridCell.Tab.1.center.1920.-209.768.1024" width="725" height="263" />
    <size key="GridCell.Tab.1.right.1920.-209.768.1024" width="725" height="263" />
    <size key="GridCell.Tab.1.bottom.1920.-209.768.1024" width="725" height="263" />
    <size key="GridCell.Tab.0.left.2400.0.2560.1440@120dpi" width="2458" height="423" />
    <size key="GridCell.Tab.0.center.2400.0.2560.1440@120dpi" width="2458" height="423" />
    <size key="GridCell.Tab.0.right.2400.0.2560.1440@120dpi" width="2458" height="423" />
    <size key="GridCell.Tab.0.bottom.2400.0.2560.1440@120dpi" width="2458" height="423" />
    <size key="GridCell.Tab.1.left.2400.0.2560.1440@120dpi" width="1719" height="454" />
    <size key="GridCell.Tab.1.center.2400.0.2560.1440@120dpi" width="1719" height="454" />
    <size key="GridCell.Tab.1.right.2400.0.2560.1440@120dpi" width="1719" height="454" />
    <size key="GridCell.Tab.1.bottom.2400.0.2560.1440@120dpi" width="1719" height="454" />
    <size key="find.popup.2400.0.2560.1440@120dpi" width="809" height="700" />
    <size key="find.popup.-768.0.768.1366" width="768" height="1029" />
    <size key="GridCell.Tab.0.left.-768.0.768.1366" width="724" height="475" />
    <size key="GridCell.Tab.0.center.-768.0.768.1366" width="724" height="475" />
    <size key="GridCell.Tab.0.right.-768.0.768.1366" width="724" height="475" />
    <size key="GridCell.Tab.0.bottom.-768.0.768.1366" width="724" height="475" />
    <size key="GridCell.Tab.1.left.-768.0.768.1366" width="724" height="475" />
    <size key="GridCell.Tab.1.center.-768.0.768.1366" width="724" height="475" />
    <size key="GridCell.Tab.1.right.-768.0.768.1366" width="724" height="475" />
    <size key="GridCell.Tab.1.bottom.-768.0.768.1366" width="724" height="475" />
    <size key="GridCell.Tab.-1.left.0.0.1920.1080" width="1838" height="450" />
    <size key="GridCell.Tab.-1.center.0.0.1920.1080" width="1838" height="450" />
    <size key="GridCell.Tab.-1.right.0.0.1920.1080" width="1838" height="450" />
    <size key="GridCell.Tab.-1.bottom.0.0.1920.1080" width="1838" height="450" />
    <size key="GridCell.Tab.0.left.-768.-210.768.1366" width="725" height="519" />
    <size key="GridCell.Tab.0.center.-768.-210.768.1366" width="725" height="519" />
    <size key="GridCell.Tab.0.right.-768.-210.768.1366" width="725" height="519" />
    <size key="GridCell.Tab.0.bottom.-768.-210.768.1366" width="725" height="519" />
    <size key="GridCell.Tab.1.left.-768.-210.768.1366" width="725" height="519" />
    <size key="GridCell.Tab.1.center.-768.-210.768.1366" width="725" height="519" />
    <size key="GridCell.Tab.1.right.-768.-210.768.1366" width="725" height="519" />
    <size key="GridCell.Tab.1.bottom.-768.-210.768.1366" width="725" height="519" />
    <size key="find.popup.1920.0.768.1366" width="713" height="742" />
    <size key="REMOTE_DEVELOPMENT_CONNECTION.0.0.1920.1080" width="816" height="685" />
    <size key="find.popup.1920.-209.768.1024" width="562" height="762" />
    <size key="GridCell.Tab.0.left.1920.0.1920.1200" width="1877" height="352" />
    <size key="GridCell.Tab.0.center.1920.0.1920.1200" width="1877" height="352" />
    <size key="GridCell.Tab.0.right.1920.0.1920.1200" width="1877" height="352" />
    <size key="GridCell.Tab.0.bottom.1920.0.1920.1200" width="1877" height="352" />
    <size key="GridCell.Tab.1.left.1920.0.1920.1200" width="1877" height="364" />
    <size key="GridCell.Tab.1.center.1920.0.1920.1200" width="1877" height="364" />
    <size key="GridCell.Tab.1.right.1920.0.1920.1200" width="1877" height="364" />
    <size key="GridCell.Tab.1.bottom.1920.0.1920.1200" width="1877" height="364" />
    <size key="GridCell.Tab.2.left.0.0.1920.1080" width="1838" height="349" />
    <size key="GridCell.Tab.2.center.0.0.1920.1080" width="1838" height="349" />
    <size key="GridCell.Tab.2.right.0.0.1920.1080" width="1838" height="349" />
    <size key="GridCell.Tab.2.bottom.0.0.1920.1080" width="1838" height="349" />
    <size key="GridCell.Tab.2.left.-768.0.768.1366" width="1860" height="384" />
    <size key="GridCell.Tab.2.center.-768.0.768.1366" width="1860" height="384" />
    <size key="GridCell.Tab.2.right.-768.0.768.1366" width="1860" height="384" />
    <size key="GridCell.Tab.2.bottom.-768.0.768.1366" width="1860" height="384" />
    <size key="GridCell.Tab.0.left.4480.0.1920.1080" width="1876" height="268" />
    <size key="GridCell.Tab.0.center.4480.0.1920.1080" width="1876" height="268" />
    <size key="GridCell.Tab.0.right.4480.0.1920.1080" width="1876" height="268" />
    <size key="GridCell.Tab.0.bottom.4480.0.1920.1080" width="1876" height="268" />
    <size key="GridCell.Tab.1.left.4480.0.1920.1080" width="914" height="668" />
    <size key="GridCell.Tab.1.center.4480.0.1920.1080" width="914" height="668" />
    <size key="GridCell.Tab.1.right.4480.0.1920.1080" width="914" height="668" />
    <size key="GridCell.Tab.1.bottom.4480.0.1920.1080" width="914" height="668" />
    <size key="GridCell.Tab.2.left.4480.0.1920.1080" width="914" height="668" />
    <size key="GridCell.Tab.2.center.4480.0.1920.1080" width="914" height="668" />
    <size key="GridCell.Tab.2.right.4480.0.1920.1080" width="914" height="668" />
    <size key="GridCell.Tab.2.bottom.4480.0.1920.1080" width="914" height="668" />
    <size key="GridCell.Tab.2.left.1920.0.768.1366" width="725" height="421" />
    <size key="GridCell.Tab.2.center.1920.0.768.1366" width="725" height="421" />
    <size key="GridCell.Tab.2.right.1920.0.768.1366" width="725" height="421" />
    <size key="GridCell.Tab.2.bottom.1920.0.768.1366" width="725" height="421" />
    <size key="GridCell.Tab.0.left.1920.-220.1024.1280" width="981" height="347" />
    <size key="GridCell.Tab.0.center.1920.-220.1024.1280" width="981" height="347" />
    <size key="GridCell.Tab.0.right.1920.-220.1024.1280" width="981" height="347" />
    <size key="GridCell.Tab.0.bottom.1920.-220.1024.1280" width="981" height="347" />
    <size key="GridCell.Tab.1.left.1920.-220.1024.1280" width="981" height="347" />
    <size key="GridCell.Tab.1.center.1920.-220.1024.1280" width="981" height="347" />
    <size key="GridCell.Tab.1.right.1920.-220.1024.1280" width="981" height="347" />
    <size key="GridCell.Tab.1.bottom.1920.-220.1024.1280" width="981" height="347" />
    <size key="GridCell.Tab.2.left.2400.0.2560.1440@120dpi" width="2507" height="547" />
    <size key="GridCell.Tab.2.center.2400.0.2560.1440@120dpi" width="2507" height="547" />
    <size key="GridCell.Tab.2.right.2400.0.2560.1440@120dpi" width="2507" height="547" />
    <size key="GridCell.Tab.2.bottom.2400.0.2560.1440@120dpi" width="2507" height="547" />
    <size key="GridCell.Tab.0.left.-768.-133.768.1366" width="686" height="409" />
    <size key="GridCell.Tab.0.center.-768.-133.768.1366" width="686" height="409" />
    <size key="GridCell.Tab.0.right.-768.-133.768.1366" width="686" height="409" />
    <size key="GridCell.Tab.0.bottom.-768.-133.768.1366" width="686" height="409" />
    <size key="GridCell.Tab.1.left.-768.-133.768.1366" width="686" height="409" />
    <size key="GridCell.Tab.1.center.-768.-133.768.1366" width="686" height="409" />
    <size key="GridCell.Tab.1.right.-768.-133.768.1366" width="686" height="409" />
    <size key="GridCell.Tab.1.bottom.-768.-133.768.1366" width="686" height="409" />
    <size key="GridCell.Tab.2.left.-768.-133.768.1366" width="686" height="409" />
    <size key="GridCell.Tab.2.center.-768.-133.768.1366" width="686" height="409" />
    <size key="GridCell.Tab.2.right.-768.-133.768.1366" width="686" height="409" />
    <size key="GridCell.Tab.2.bottom.-768.-133.768.1366" width="686" height="409" />
    <size key="GridCell.Tab.0.left.-768.7.768.1366" width="686" height="724" />
    <size key="GridCell.Tab.0.center.-768.7.768.1366" width="686" height="724" />
    <size key="GridCell.Tab.0.right.-768.7.768.1366" width="686" height="724" />
    <size key="GridCell.Tab.0.bottom.-768.7.768.1366" width="686" height="724" />
    <size key="GridCell.Tab.1.left.-768.7.768.1366" width="686" height="338" />
    <size key="GridCell.Tab.1.center.-768.7.768.1366" width="686" height="338" />
    <size key="GridCell.Tab.1.right.-768.7.768.1366" width="686" height="338" />
    <size key="GridCell.Tab.1.bottom.-768.7.768.1366" width="686" height="338" />
    <size key="GridCell.Tab.0.left.3200.0.2560.1440@120dpi" width="2458" height="580" />
    <size key="GridCell.Tab.0.center.3200.0.2560.1440@120dpi" width="2458" height="580" />
    <size key="GridCell.Tab.0.right.3200.0.2560.1440@120dpi" width="2458" height="580" />
    <size key="GridCell.Tab.0.bottom.3200.0.2560.1440@120dpi" width="2458" height="580" />
    <size key="GridCell.Tab.0.left.0.0.2560.1440@120dpi" width="2458" height="499" />
    <size key="GridCell.Tab.0.center.0.0.2560.1440@120dpi" width="2458" height="499" />
    <size key="GridCell.Tab.0.right.0.0.2560.1440@120dpi" width="2458" height="499" />
    <size key="GridCell.Tab.0.bottom.0.0.2560.1440@120dpi" width="2458" height="499" />
    <size key="GridCell.Tab.1.right.3200.0.2560.1440@120dpi" width="2458" height="580" />
    <size key="GridCell.Tab.1.left.3200.0.2560.1440@120dpi" width="2458" height="580" />
    <size key="GridCell.Tab.1.center.3200.0.2560.1440@120dpi" width="2458" height="580" />
    <size key="GridCell.Tab.1.bottom.3200.0.2560.1440@120dpi" width="2458" height="580" />
    <size key="GridCell.Tab.2.left.3200.0.2560.1440@120dpi" width="2458" height="580" />
    <size key="GridCell.Tab.2.center.3200.0.2560.1440@120dpi" width="2458" height="580" />
    <size key="GridCell.Tab.2.right.3200.0.2560.1440@120dpi" width="2458" height="580" />
    <size key="GridCell.Tab.2.bottom.3200.0.2560.1440@120dpi" width="2458" height="580" />
    <size key="GridCell.Tab.1.left.0.0.2560.1440@120dpi" width="2458" height="947" />
    <size key="GridCell.Tab.1.center.0.0.2560.1440@120dpi" width="2458" height="947" />
    <size key="GridCell.Tab.1.right.0.0.2560.1440@120dpi" width="2458" height="947" />
    <size key="GridCell.Tab.1.bottom.0.0.2560.1440@120dpi" width="2458" height="947" />
  </component>
  <component name="WindowManager">
    <frame x="-8" y="-8" width="1936" height="1048" extendedState="6" />
  </component>
  <component name="WindowStateApplicationService">
    <state width="616" height="159" key="ShowUsagesActions.dimensionServiceKey" timestamp="1723111013520">
      <screen x="0" y="0" width="1920" height="1032" />
    </state>
    <state width="578" height="135" key="ShowUsagesActions.dimensionServiceKey/0.0.1920.1032" timestamp="1715863916149" />
    <state width="769" height="139" key="ShowUsagesActions.dimensionServiceKey/0.0.1920.1032/-768.7.768.1366/1920.0.768.1366" timestamp="1715098142447" />
    <state width="768" height="375" key="ShowUsagesActions.dimensionServiceKey/0.0.1920.1032/1920.0.768.1366/-768.0.768.1024" timestamp="1715345079641" />
    <state width="616" height="159" key="ShowUsagesActions.dimensionServiceKey/0.0.1920.1032/1920.0.768.1366/-768.50.768.1024" timestamp="1723111013520" />
    <state width="845" height="135" key="ShowUsagesActions.dimensionServiceKey/2560.0.2048.1104/0.0.2048.1104/5120.0.1920.1080" timestamp="1722526309653" />
  </component>
</application>