<application>
  <component name="WslRecentConnectionsManager">
    <option name="connections">
      <list>
        <WslRecentConnectionState>
          <option name="projects">
            <list>
              <RecentProjectState>
                <option name="date" value="1675785915005" />
                <option name="installedIde">
                  <RecentProjectInstalledIde>
                    <option name="buildNumber" value="231.6471.13" />
                    <option name="pathToIde" value="/home/santojes/.cache/JetBrains/RemoteDev/dist/f4d70a6542b68_ideaIU-231.6471.13" />
                    <option name="productCode" value="IU" />
                  </RecentProjectInstalledIde>
                </option>
                <option name="projectPath" value="/home/santojes/dev/bitbucket/volkstop-configuration" />
              </RecentProjectState>
              <RecentProjectState>
                <option name="date" value="1675704333664" />
                <option name="installedIde">
                  <RecentProjectInstalledIde>
                    <option name="buildNumber" value="231.6471.13" />
                    <option name="pathToIde" value="/home/santojes/.cache/JetBrains/RemoteDev/dist/f4d70a6542b68_ideaIU-231.6471.13" />
                    <option name="productCode" value="IU" />
                  </RecentProjectInstalledIde>
                </option>
                <option name="projectPath" value="/home/santojes/dev/bitbucket/volkstop-server" />
              </RecentProjectState>
            </list>
          </option>
          <option name="wslDistributionMsId" value="Ubuntu" />
        </WslRecentConnectionState>
      </list>
    </option>
  </component>
</application>